LANGUAGE, English,,,
STRM_briefing_name,TCT Life!,,,
STRM_mission_description,Life RPG created by the Arma 2 Community,,,
STRS_hints_vehicle_information,VEHICLE INFORMATION:\n\nName: %4\nType: %1\ndirection: %2°\nHeight ASL: %3m\nDriver: %5\nFree Cargo: %6\nlength: %7m,,,
STRS_functions_crimelog_msg12,Speeding,,,
STRS_anfang_laden,Loading.....\nPlease Wait,,,
STRS_anfang_02,"TCTGAMES PRESENTS.",,,
STRS_anfang_03,"Chernarus Life!",,,
STRS_anfang_04,Do not kill unarmed civilians! \n\n Police Must Be On TCT Gaming Teampseak Or Will Be Kicked,,,
STRS_anfang_05_civ,Do not teamkill! \n\n  Police Must Be On TCT Gaming Teampseak Or Will Be Kicked,,,
STRS_anfang_05_cop,Racial slurs are prohibited here. \n\n Foul language and heated arguments are OK. \n\n Racist harassment of other players is NOT.,,,
STRS_anfang_cop_loadout,Loading your variable information....,,,
STRS_anfang_06,"Game guide, rules, Teamspeak Info, and changelog on the map tabs.\n\nPlease be helpful to new players and don't grief.\n\nThis is a roleplaying server.",,,
STRS_check_civ_in_terrorbase,You entered the Terror-Camp.,,,
STRS_southChernarus_area,You do not have jurisdiction in this area. Turn around!,,,
STRS_prohibited_area,Turn around,,,
STRS_verbotene_zone_teleport,You entered a prohibited area and have been teleported back to your respawn area.,,,
STRS_hunger_verhungern,You are starving.,,,
STRS_arbeiter_in_copbase,One of your Workers was too close to the Policebase,,,
STRS_arbeiter_in_terrorbase,One of your Workers was too close to the Terror-base,,,
STRS_dead_player_is_dead_civ,You are dead,,,
STRS_dead_player_is_dead_cop,You are dead,,,
STRS_slave_zuviele,You cannot buy any more slaves!!,,,
STRS_slave_nomoney,You cannot afford a slave...Maybe you should be a slave!.,,,
STRS_slave_gekauft," ""%1"," you have bought a slave for $%2. Take him to a workplace and he will earn you money."" ",,
STRS_slave_moneyaction,Take the profit this slave has made you.,,,
STRS_slave_tot,One of your slaves has died! Protect them in future!,,,
STRS_slave_geldabnahme_ja,This slave has earned you $%1.,,,
STRS_slave_geldabnahme_nein,This slave has no money!! Useless!.,,,
STRS_arbeiter_gekauft,"%1, a new worker is on your team. You paid $%2. Bring him to a workplace in order to let him earn some money.",,,
STRS_arbeiter_moneyaction,Take money from your worker.,,,
STRS_arbeiter_tot,A worker in your team died.,,,
STRS_arbeiter_geldabnahme_ja,You got $%1 from the worker.,,,
STRS_arbeiter_geldabnahme_nein,O trabalhador atualmente nao tem nenhum dinheiro.,,,
STRS_arbeiter_meister,Esse trabalhador trabalha para %1.,,,
STRS_arbeiter_copaction,Para quem você trabalha?,,,
STRS_arbeiter_zuviele,Voce nao pode comprar outro trabalhador porque voce ja atingiu o limite.,,,
STRS_arbeiter_nomoney,Voce nao pode pagar por um trabalhador. Volte mais tarde.,,,
STRS_inventar_beschreibung_bankversicherung,Seguros Bancarios, voce para de perder todo o dinheiro quando alguem rouba a banco. Cada vez que o banco e roubado um unico seguro Banco sera utilizado. Se possuir 2 Seguros de Banco ira significar que voce nao perca todo o dinheiro das proximas 2 vezes que o Banco e roubado.,,
STRS_dead_menuentry_hints,Estatisticas,,,
STRS_dead_menuentry_inventar,inventario,,,
STRS_dead_menuentry_animation,Animacoes,,,
STRS_addAction_copstorage1,armazenagem privada,,,
STRS_addAction_copstorage2,armazenagem publica,,,
STRS_addaction_freecam,Camera via Satelite,,,
STRS_addaction_defuse,Desarmar Bomba,,,
STRS_addaction_bank_license,Comprar um seguro de banco $%1,,,
STRS_addaction_civcammenu,Abrir Civcam,,,
STRS_addAction_copmenu,Menu de Cop aberto,,,
STRS_addAction_copmenulite,On-foot Cop Menu,,,
STRS_addaction_jailcam,Camera Cadeia,,,
STRS_addaction_buy_drugs,Menu de Drogas Buy-aberto,,,
STRS_addaction_sell_drugs,Vender Drogas,,,
STRS_addaction_weather,Previsao do tempo,,,
STRS_addaction_shootingrange,Campo de Tiro $%1,,,
STRS_addaction_prisonrelease,Procurado/Prisao Menu,,,
STRS_addaction_bail,pagar fianca,,,
STRS_addaction_buy_worker,Contrate Trabalhador $%1,,,
STRS_addaction_buy_slave,Comprar um escravo por $%1,,,
STRS_addaction_buy_hideout,Esconder menu de compras,,,
STRS_addaction_race_join,Junte-se a Street Race $%1,,,
STRS_addaction_buy_shop,Comprar %1 por $%2,,,
STRS_addaction_buy_rank,Subornar Chefe da Policia para obter um reducao na %1 por $%2,,,
STRS_addaction_switch_copmarker,Switch Cop-marker on/off,,,
STRS_addaction_radio_on,Switch Radio On/Off,,,
STRS_addaction_vehicleinfo,informacoes sobre o veiculo,,,
STRS_addaction_courierjob,Obter um emprego de correio!,,,
STRS_addaction_hideout_addon1,Hideout: Medico Add-on $%1,,,
STRS_addaction_hideout_addon2,Hideout: Teletransporte Add-on $%1,,,
STRS_addaction_hideout_addon3,Hideout: On-line Banking Add-on $%1,,,
STRS_addaction_hideout_addon4,Reparar Hideout $%1,,,
STRS_addaction_hideout_addon5,Olhar Hideout,,,
STRS_addaction_hideout_healaddon_use,Heal,,,
STRS_addaction_hideout_bankaddon_use,On-line Banking,,,
STRS_addaction_hideout_ablage,Hideout Storage,,,
STRS_addAction_bank_balance,Saldo em Conta,,,
STRS_addAction_bank_dialog,Menu Banco,,,
STRS_addaction_civmenu,interacao %1 (%2),,,
STRS_addaction_restrainciv,conter %1 (%2),,,
STRS_action_hideoutowner,Exibir Ocultar para Proprietario,,,
STRS_addaction_gildenmenu,Gang Menu,,,
STRD_description_gildegruenden_hinweis," ""Nota: O nome nao deve conter aspas! Taxa de criacao e de US $ 100.000. Se voce sair e voltar a participar do jogo voce deve se juntar a gangue (nao ha taxa de adesao). A gangue sera apagado apos 15 minutos se nao houver membros da gangue.""",,,
STRD_description_gildeverwalten_sperren_submit," ""Atualiza!""",,,
STRD_description_gildeverwalten_sperren_header," ""Junte-se permitido?""",,,
STRS_addaction_removesperre,Remover Roadblock / Spikestrip,,,
STRS_addaction_sirene,Sirene On/Off,,,
STRS_addaction_lightbar,Luz On/Off,,,
STRS_addaction_lock,Travado/Destravado,,,
STRS_addaction_crimelog,Sessao de Crimes,,,
STRS_addaction_trunk,Trunk Bau,,,
STRS_addaction_trunk_see,Ver Trunk Bau,,,
STRS_addaction_trunk_check,Checar Veiculo,,,
STRS_camciv_nomoney,Civ cam foi removida.,,,
STRS_civcam_notwanted,Voce esta assistindo %1. Ele nao e procurado.,,,
STRS_civcam_wanted,Voce esta assistindo %1. Ele e procurado.,,,
STRS_deadcam_deadwait_civ,Voce ja morreu %1 tempo de suicidio %5 tempo que tem de esperar %2 segundos para renacer. Voce tambem deve esperar um adicional de %4 segundos para renacer (Para todos os jogadores que voce matou nesta vida e todos os suicidios).,,,
STRS_deadcam_deadwait_cop,"Como um policial voce tem que esperar 30 segundos de respawn, mais um adicional de 30 segundos para todos os jogadores que voce matar.\nSeu tempo de respawn esta rodada e %1 segundos.\nPara evitar de matar civis, use Taser de alto tempo, ou parada, em vez de mata-los. ",,,
STRS_civmenu_stehlen_copzunah,Voce nao pode roubar coisas quando um policial esta proximo.,,,
STRS_civmenu_stehlen,Voce esta roubando dinheiro do que jogador! Por favor, aguarde 5 segundos para conseguir o dinheiro.,,
STRS_civmenu_distance,Esta muito longe do Civ ou ele esta morto,,,
STRS_civmenu_wantedbonus,Aquela era uma pessoa procurada. Voce ganha um bonus de $%1,,,
STRS_civmenu_kopfgeld,Nesta pessoa havia uma recompensa de $%1,,,
STRS_civmenu_hasnodrugs,O CIV nao tem algum tipo de droga.,,,
STRS_civmenu_hasdrugs,"%1 com drogas, voce tem que remove-lo. Voce deve mandar ele para prisao %1 por %2 minutos ou dar-lhe uma multa de $%3. ",,,
STRS_civmenu_disarm,voce desarmou %1!.,,,
STRS_civmenu_buy_disarm_nomoney,Voce nao pode permitir a remocao de armas.,,,
STRS_civmenu_disarm_notarmed,O jogador nao esta armado.,,,
STRS_civmenu_arrested,Prender por %1...,,,
STRS_civmenu_ticketinuse,Voce cometeu um erro ao escrever a multa,,,
STRS_civmenu_gaveticket,Voce deu %1 de multa por $%2.,,,
STRS_civmenu_didpayticket,%1 pago a multa por $%2.,,,
STRS_civmenu_didpaynothing,%1 optou por nao pagar a multa.,,,
STRS_civmenu_ticket_globalchat,%3 levou multa de $%2 por %1,,,
STRS_civmenu_didnotpayticket,%1 nao tem dinheiro suficiente para pagar a multa de $%2,,,
STRS_civmenu_youdidnotpay,Voce nao pagou a multa.,,,
STRS_civmenu_copnotarmed,Voce nao esta armado. Voca precisa de uma arma para fazer isto.,,,
STRS_civmenu_heal,voce curou %1.,,,
STRS_civmenu_panic,Botao de panico para %1 ACTIVATED.,,,
STRS_inventory_checknohands,O Civ nao esta com as maos para cima e nao esta atordoado!,,,
STRS_inventory_checkstring,Suas Licencas:\n\nLicenca pistola: %1\nRiflelicenca: %2\nLicenca de arma pesada: %3\nSniper License: %4\n\nLicenca para carro: %5\nPegar licenca: %6\nLicenca Caminhao: %7\nLicenca Blindado: %8\nLicenca Barco: %9\nLicenca Aerea: %10\nLicense Oleo: %11\nLicenca do Tabaco: %12\nLicenca para Alcool: %13\n\nLicenca Construir: %14\n\nLicenca Passport: %15\n\nLicenca para colete: %16\n\nObjetos ilegais - Quantidade:\n\n%17,,,
STRS_civmenucheck_beendisarmed,Voce foi desarmado.,,,
STRS_civmenucheck_beendrugsearched,Suas drogas foram removidos.,,,
STRS_civmenucheck_ticketrest,Voce ainda deve aos Cops $%1,,,
STRS_civmenucheck_ticketself,Voce pagou uma multa de $%1.,,,
STRS_civmenucheck_youarehealed,Voce foi curado por %2,,,
STRS_civmenucheck_removeddrugs,Um policial encontrou suas drogas e as removeu.,,,
STRS_civmenucheck_haddrugs,%1 teve $%2 por pena de drogas!,,,
STRS_civmenucheck_arrested_self,Voce foi preso por %1 Minutos. Depois voce vai ser teleportado para fora. Voce pode embarcar em um helicoptero para fugir.,,,
STRS_civmenucheck_arrested_global,%1 foi preso por %2 por %3 minute(s),,,
STRS_civmenucheck_free_global,%1 Esta livre novamante, CUIDADO!!!,,
STRS_civmenucheck_free_self,Voce esta livre agora. Nao faca nada de errado ou voce vai ser preso novamente.,,,
STRS_civmenucheck_breakout,%1 has escapou da cadeia!!!,,,
STRS_civmenucheck_stolen,Voce roubou $%1 deste CIV!,,,
STRS_civmenucheck_stolenpub,Alguem esta roubando %1!,,,
STRS_dialogcivmenu_arrest,Preso por %1 min(s),,,
STRS_dialogcivmenu_ticket,Multa  $%1,,,
STRS_dialogandere_bankdialog_you,Voce,,,
STRS_dialogandere_gilden_keinleader,Voce nao e o lider da gangue, voce nao pode usar este menu,,
STRS_dialogandere_itemshop,Seu dinheiro atual e $%1,,,
STRS_moneh_countdown,%1 Minuto(s) ate proximo salario.,,,
STRS_moneh_were,foram,,,
STRS_moneh_nowere,nao foram,,,
STRS_moneh_unimsg,Por causa de sua formacao universitaria voce ganhou $%1 extra.,,,
STRS_moneh_hideoutextramoney,Por causa de seu esconderijo voce tem adicional $%1.,,,
STRS_moneh_civmoneyadd,"%1, voce recebeu um salario de $%2.  Se voce possui uma area de gangue, voce tem extra. O dinheiro foi transferido para sua conta.",,,
STRS_moneh_copmoneyadd,"%1, Voce ganhou $%2, o dinheiro foi transferido para sua conta.",,,
STRS_moneh_paycheckdead,Voce perdeu um salario, porque voce esta morto.,,
STRD_description_onloadintro,Takistan Life,,,
STRD_description_onloadmission,Takistan Life,,,
STRD_description_param1,Marcador de fora da cidade,,,
STRD_description_time,TimeSkipInterval[Day|Night],,,
STRD_description_on,ligado,,,
STRD_description_off,desligado,,,
STRD_description_cancel,Cancelar,,,
STRD_description_buyitem_close,Fechar,,,
STRD_description_submit,Submeter,,,
STRD_description_weapon_submit,Compre essa arma!,,,
STRD_description_civcam_title,Takistan Camera Systems,,,
STRD_description_civcam_chooseciv,Escolha Civ:,,,
STRD_description_civcam_dauer,Duracao:,,,
STRD_description_civcam_cost,Custa:,,,
STRD_description_civcam_submit,ve-lo,,,
STRD_description_carshop_submit,Comprar este veiculo,,,
STRD_description_civmenu_disarm,Desarmar,,,
STRD_description_civmenu_steal,Roubar Inventario,,,
STRD_description_civmenu_drugs,Procurar drogas,,,
STRD_description_civmenu_arrest,Prender,,,
STRD_description_civmenu_ticket,Multa,,,
STRD_description_civmenu_heal,Curar este CIV,,,
STRD_description_civmenu_inventar,Checar Inventario,,,
STRD_description_civmenu_header,Civ-menu,,,
STRD_description_wantedrelease_cost,Digite recompensa:,,,
STRD_description_wantedrelease_setwantedmenu,Definir menu Procurado,,,
STRD_description_wantedrelease_prisonrelease_title,menu de liberacao,,,
STRD_description_wantedrelease_submit,Liberta-lo,,,
STRD_description_wantedrelease_submit_unwanted,Definir como nao procurado,,,
STRD_description_bail_pay,pagar fianca,,,
STRD_description_bail_cost,Fianca,,,
STRD_description_spielerinfo_header,Info do jogador,,,
STRD_description_spielerinfo_select,Escolha do Jogador,,,
STRD_description_spielerinfo_name,Nome do Jogador:,,,
STRD_description_spielerinfo_deaths,Numero de mortes:,,,
STRD_description_spielerinfo_wanted,Procurado:,,,
STRD_description_spielerinfo_kopfgeld,Recompensa:,,,
STRD_description_bombenconfig_header,Configuracao de velocidade para o carro-bomba,,,
STRD_description_bombenconfig_speed,Velocidade:,,,
STRD_description_bombenconfig_speed2,Duracao:,,,
STRD_description_bombenconfig_plant,Plantar Bomba,,,
STRD_description_zeitbombenconfig_header,Tempo de configuracao carro-bomba,,,
STRD_description_zeitbombenconfig_zeit,Tempo:,,,
STRD_description_hideout_submit,Buy Hideout,,,
STRD_description_schluessel_header,Chaves,,,
STRD_description_schluessel_wegwerfen,Jogue Chave para sempre,,,
STRD_description_handy_title,Escrever SMS,,,
STRD_description_handy_cost,Custa: $%1,,,
STRD_description_handy_submit,Enviar,,,
STRD_description_itemmenu_title,Comprar Itens,,,
STRD_description_itemmenu_title2,Vender Itens,,,
STRD_description_inventar_gewicht,Peso unico item/global:,,,
STRD_description_spielerliste_header,Status,,,
STRD_description_gildegruenden_header,Criar nova Gangue,,,
STRD_description_gildegruenden_submit,Criar!,,,
STRD_description_gildegruenden_name,Nome da Gangue:,,,
STRD_description_gildeverwalten_header,Config Gang,,,
STRD_description_gildeverwalten_rauswerfen_header,Chutar Membro,,,
STRD_description_gildeverwalten_rauswerfen_submit,Chutar!,,,
STRD_description_gildehauptmenu_header,Gangues,,,
STRD_description_gildehauptmenu_button_join,Entar na Gangue,,,
STRD_description_gildehauptmenu_button_manage,Config Gangue,,,
STRD_description_gildehauptmenu_button_leave,Sair da Gangue,,,
STRD_description_gildehauptmenu_button_create,Criar Gangue,,,
STRD_description_factory_manifacture_header,Fabrica,,,
STRD_description_factory_manifacture,Fabricar,,,
STRD_description_close,Fechar,,,
STRD_description_janein_header,Por favor, confirme,,
STRD_description_ja,Sim,,,
STRD_description_nein,Nao,,,
STRD_janein_header,Por favor, confirme,,
STRD_stunned_dialogbutton,levantar-se,,,
STRS_handlerdeadpub_civkilled,Voce matou %1! Ele nao era procurado por isso voce deve pagar $%2 para ele, em compensacao.,,
STRS_handlerdeadpub_kopfgeld_youkilled,Voce matou %1! Ele tinha uma recompensa de $%2,,,
STRS_handlerdeadpub_kopfgeld_kill,Voce matou um CIV procurado e tem $%1 de bonus.,,,
STRS_handlerdeadpub_copkilled,Voce matou %1! Agora voce este sendo procurado!,,,
STRS_handlerdeadpub_copkilledbycop,You Team-killed %1!,,,
STRS_handlerdeadpub_suicide,Voce cometeu suicidio.,,,
STRS_konvoy_start,Um caminhao de abastecimento esta a caminho para a base policial.,,,
STRS_konvoy_arrived,O caminhao de suprimentos atingiu a base da policia.,,,
STRS_konvoy_hijacked,O caminhao de abastecimento foi sequestrado! O driver esta morto!,,,
STRS_konvoy_destroyed,O caminhao de abastecimento foi destruido!,,,
STRS_konvoy_civarrived,O Comboio sequestrado atingiu o esconderijo rebelde.,,,
STRS_Konvoymarker,Truck,,,
STRS_bankvanmarker,BankVan,,,
STRS_kopfgeld_kein_kopfgeld_entfernen,Nao ha recompensa por sua cabeca.,,,
STRS_kopfgeld_entfernt,A generosidade de %1 foi removida. Ele nao e mais procurado.,,,
STRS_kopfgeld_nokopfgeld,Actualmente voce nao pode definir %1 como procurado.,,,
STRS_kopfgeld_nomoney,Voce nao tem dinheiro suficiente.,,,
STRS_kofpgeld_set,Voce define uma recompensa de $%2 em %1.,,,
STRS_kopfgeld_publicmsg,%1 define uma recompensa de $%2 em Civ%3s cabeca. Isso e uma recompensa de $%4 no total (o policial que o prender recebera uma recompensa).,,,
STRS_kopfgeld_notself,Voce nao pode definir-se procurado.,,,
STRS_switchedcopmarker,Voce virou cop-markers %1.,,,
STRS_Off,desliga,,,
STRS_On,liga,,,
STRS_statdialog_playerinfo,P L A Y E R - I N F O:,,,
STRS_statdialog_playerlist,P L A Y E R S:,,,
STRS_statdialog_licenselist,L I C E N C A S:,,,
STRS_statdialog_other,O U T R O S:,,,
STRS_statdialog_inventarlist,I N V E N T A R I O:,,,
STRS_statdialog_waffen,A R M A S:,,,
STRS_statdialog_magazine,R E V I S T A S:,,,
STRS_statdialog_gildenlist,G A N G U E S:,,,
STRS_statdialog_laws,L E I S:,,,
STRS_statdialog_regierung,G O V E R N A D O R:,,,
STRS_statdialog_chief,C H E F E  D E  P O L I C I A:,,,
STRS_statdialog_taxes,T A X A S:,,,
STRS_stat_regierung,Government Gang-ID:,,,
STRS_statdialog_money,Dinheiro,,,
STRS_statdialog_hunger,remover,,,
STRS_statdialog_thirst,remover,,,
STRS_statdialog_health,Saude,,,
STRS_statdialog_speed,Velocidade,,,
STRS_statdialog_heigth,Altura,,,
STRS_statdialog_weight,Peso,,,
STRS_statdialog_rolenumber,Numero Papel,,,
STRS_statdialog_copkills,Cops killed,,,
STRS_statdialog_civkills,Civs killed,,,
STRS_statdialog_selfkills,Suicideos,,,
STRS_statdialog_deaths,Mortes,,,
STRS_statdialog_bounty,Reconpensa,,,
STRS_statdialog_bestrace,,,,
STRS_statdialog_racewon,,,,
STRS_statdialog_gilde,Gangue,,,
STRS_statdialog_wanted,Procurado,,,
STRS_statdialog_kopfgeld,Recompensa,,,
STRS_hints_ja,Sim,,,
STRS_hints_nein,Nao,,,
STRS_hints_keins,Nada,,,
STRS_hints_account_balance,Voce tem %1$ em sua conta.,,,
STRS_bail_addbail,Voce tem $%1 por Civ%2 fianca paga.,,,
STRS_bail_addconvoy,Voce tem $%1 do comboio.,,,
STRS_bail_payed,Civ%1 pagou $%2 em fianca,,,
STRS_bail_self,Voce pagou $%1 pela fianca.,,,
STRS_bail_cantpay,Voce nao tem muito dinheiro.,,,
STRS_prison_notinprison,Voce nao pode liberar este Civ porque ele nao esta na prisao.,,,
STRS_prison_freenow,O Civ esta livre agora.,,,
STRS_pimp_vclsell_toofast,Voce esta indo rapido demais para vender o veiculo,,,
STRS_pimp_vclsell,Voce vendeu o veiculo para $%1.,,,
STRM_mission_marker_arbeiter,Trabalhador,,,
STRM_mission_marker_rathaus,Prefeitura,,,
STRM_mission_marker_deliverypoint1,Entrega 1,,,
STRM_mission_marker_deliverypoint2,Entrega 2,,,
STRM_mission_marker_deliverypoint3,Entrega 3,,,
STRM_mission_marker_deliverypoint4,Entrega 4,,,
STRM_mission_marker_deliverypoint5,Entrega 5,,,
STRM_mission_marker_deliverypoint6,Entrega 6,,,
STRM_mission_marker_deliverypoint7,Entrega 7,,,
STRM_mission_marker_deliverypoint8,Entrega 8,,,
STRM_mission_marker_deliverypoint9,Entrega 9,,,
STRM_mission_marker_deliverypoint10,Entrega 10,,,
STRM_mission_marker_workplace1,Local de trabalho 1,,,
STRM_mission_marker_workplace2,Local de trabalho 2,,,
STRM_mission_marker_workplace3,Local de trabalho 3,,,
STRM_mission_marker_terrorhideout,Rebel Hideout,,,
STRM_mission_marker_jail,Cadeia,,,
STRM_mission_marker_Heroindealer,Vender heroina,,,
STRM_mission_marker_cocaindealer,Vender Cocaina,,,
STRM_mission_marker_marihuanadealer,Vender Marijuana,,,
STRM_mission_marker_lsddealer,Vender LSD,,,
STRM_mission_marker_lonelyisland,Apenas uma ilha solitaria,,,
STRM_mission_marker_racefinish,Concluir corrida,,,
STRM_mission_marker_racestart,Largada,,,
STRM_mission_marker_atm,ATM,,,
STRM_mission_marker_shootingrange,Shooting Range,,,
STRM_mission_marker_refuelstation,Posto de Gasolina,,,
STRM_mission_marker_policestation,Base Policial,,,
STRM_mission_marker_headmoneylicense,Licenca Bounty-Hunter,,,
STRM_mission_marker_antidoteshop,Loja Antidoto virus,,,
STRM_mission_marker_civhospital,Civ Hospital,,,
STRM_mission_marker_bank,Banco,,,
STRM_mission_marker_shop_1,Shop 1,,,
STRM_mission_marker_shop_2,Shop 2,,,
STRM_mission_marker_shop_3,Shop 3,,,
STRM_mission_marker_shop_air,Air-Vehicle shop,,,
STRM_mission_marker_shop_air_small,Sports Air-Vehicle shop,,,
STRM_mission_marker_shop_armored,Tank & Car shop,,,
STRM_mission_marker_shop_heavygun,Heavy-Weapon shop,,,
STRM_mission_marker_shop_boat,Barco shop,,,
STRM_mission_marker_shop_sniper,Sniper-Rifle shop,,,
STRM_mission_marker_shop_rifle,Rifle shop,,,
STRM_mission_marker_shop_pickup,Pick-up shop,,,
STRM_mission_marker_shop_truck,Truck shop,,,
STRM_mission_marker_shop_car,Car shop,,,
STRM_mission_marker_shop_handgun,Pistola shop,,,
STRM_mission_marker_shop_smg,SMG shop,,,
STRM_mission_marker_shop_equipment,Equipment shop,,,
STRM_mission_marker_sellcars,Vender Veiculos,,,
STRM_mission_marker_garage,Garage,,,
STRM_mission_drugbuyflag,Comprar Drogas,,,
STRM_mission_marker_fishing,Area de Pesca,,,
STRM_mission_marker_forest,Floresta Local de Trabalho,,,
STRM_mission_marker_farming,Colheita Area,,,
STRM_mission_marker_farmingsell,Vender Colheita,,,
STRM_mission_marker_court,Canteiro de obras Tribunal,,,
STRM_mission_marker_jail_construction,Canteiro de obras prisao,,,
STRM_mission_marker_bagango_shooting_range,Bagango Shooting Range,,,
STRM_mission_marker_factory_air,Fabrica de veiculos aereos,,,
STRM_mission_gruen_fahne,Bases,,,
STRM_mission_blau_fahne,Shops,,,
STRM_mission_gelb_fahne,Hideout / Local de Trabalho / Buyable Shops,,,
STRM_mission_rot_fahne,Ilegal Atividades,,,
STRM_mission_gruen_punkt,Bank / ATM,,,
STRM_mission_rot_punkt,Ponto de Entrega,,,
STRM_mission_gelb_punkt,Corrida de rua,,,
STRM_mission_weiss_punkt,Outros,,,
STRM_mission_legende,Bubtitulo,,,
STRM_mission_legende_civmarker,Civ-marker,,,
STRM_mission_legende_civmarker2,Civ-marker (wanted),,,
STRM_mission_legende_copmarker,Cop-marker,,,
STRM_mission_legende_restaurante,Restaurante,,,
STRM_mission_marker_terrorvehicle,Rebel Vehicles,,,
STRS_license_car,Drivers License,,,
STRS_license_pickup,Pick-up License,,,
STRS_license_truck,Truck License,,,
STRS_license_boat,Boat License,,,
STRS_license_air,Air Vehicle License,,,
STRS_license_kopfgeld,Bounty-Hunter License,,,
STRS_license_terror,Combat Training,,,
STRS_license_uni,Exame Universidade,,,
STRS_license_bank,Banco dos Seguros,,,
STRS_license_bomb,Bomb Training,,,
STRS_license_lockpick,Lock Pick Training,,,
STRS_license_engineer,Engineer Training,,,
STRS_license_explosive,Explosives Training,,,
STRS_license_probator,Civ Shop Buy License,,,
STRS_license_coppatrol,Formacao de Oficiais para Patrulha,,,
STRS_license_copresponse,Formacao de Oficiais Criminal Response,,,
STRS_license_copairsupport,Formacao de Oficiais para Apoio Aerea,,,
STRS_license_copswat,Treinamento SOBR,,,
STRS_license_adminlicense,Admin,,,
STRS_license_glassblowerlicense,Glass Blower Training,,,
STRS_license_pmc,PMC,,,
STRS_license_medic,Formacao Medica,,,
STRM_mission_marker_license1,Car/Pick-up-Licenca,,,
STRM_mission_marker_license2,Handgun/SMG-Licenca,,,
STRM_mission_marker_license3,Sniper/MG-Licenca,,,
STRM_mission_marker_license4,Barco Licenca,,,
STRM_mission_marker_license_airport,Air Licenca,,,
STRM_mission_marker_license5,Caminhoneiro/Oil Licenca,,,
STRM_mission_marker_university,Uni & Training,,,
STRM_mission_marker_Alcohol,Alcohol/Tobacco License,,,
STRS_item_addinfo_keine,none,,,
STRS_item_hideout,Hideout,,,
STRS_item_hideout_info,O Hideout. Use-o fora das cidades, para coloca-lo Na bandeira,,
STRS_inventar_hideout_wrongplace,Voce esta muito perto da cidade para construir seu esconderijo.,,,
STRS_inventar_no_money_hideout,Vocr nao pode pagar pelo esconderijo.,,,
STRS_inventar_bought_hideout,"%1, Vocr construiu um esconderijo aqui.",,,
STRS_variablen_hideout_small,Pequeno Hideout,,,
STRS_variablen_hideout_middle,Medio Hideout,,,
STRS_variablen_hideout_large,Grande Hideout,,,
STRS_variablen_hideout_addon_firstaid,Primeiros Socorros,,,
STRS_variablen_hideout_addon_teleporter,Teleporter,,,
STRS_variablen_hideout_addon_banking,Internet Banking,,,
STRS_hideoutheal_nouse,Voce nao esta ferido.,,,
STRS_hideoutheal_use,Voce esta se curando,,,
STRS_hideoutheal_used,Suas feridas estao curadas.,,,
STRS_hideoutaddons_nobuy,Voce nao pode pagar este extra.,,,
STRS_hideoutaddons_buy,Voce comprou o esconderijo add-on para $%1.,,,
STRS_hideoutaddons_repaired,Voce consertou o seu esconderijo.,,,
STRS_hideoutaddons_norepair,Voce nao pode reparar o seu esconderijo porque ele nao esta danificado.,,,
STRS_hideoutaction_nobuy,Voce nao pode pagar pelo esconderijo.,,,
STRS_hideoutaction_already,Voce ja possui um esconderijo.,,,
STRS_hideoutaction_info,Voce comprou um esconderijo. Ele esta disponivel em seu inventario (Coloque-o selecionando-o no inventario e clique em usar. Nota: Voce nao pode colocar o esconderijo dentro de cidades).,,,
STRS_hideout_flagowner,O dono deste esconderijo e %1,,,
STRS_hideout_locked_entered,%1 entrou em seu esconderijo.,,,
STRS_hideout_locked,Esconderijo bloqueado.,,,
STRS_hideout_unlocked,Esconderijo desbloqueado.,,,
STRS_hideout_marker,Seu esconderijo,,,
STRS_item_alreadygothideout,Voce ja tem um esconderijo.,,,
STRS_item_versicherung,Bank Insurance,,,
STRS_item_versicherung_info,Voce nao pode perder todo o dinheiro quando o banco e assaltado, tendo este item em seu inventario. Cada vez que o banco obtem roubado um item de seguros vai ser removido.,,
STRS_item_impound,Confisco multa Veiculo,,,
STRS_item_impound_info,Com este bilhete voce pode apreender um veiculo.,,,
STRS_inventar_impound_zuweit,Nao ha veiculo aqui.,,,
STRS_inventar_impound_gesehen,%2(%1) foi apreendido veiculo (%3)!,,,
STRS_inventar_impound_already,Voce nao pode confiscar o seu proprio veiculo!!.,,,
STRS_inventar_impound_success,Voce teve o veiculo apreendido!,,,
STRS_inventar_impound_noluck,Voce nao conseguiu confiscar este veiculo,,,
STRS_item_lockpick,bloquear Escolha,,,
STRS_item_lockpick_info,Com este dispositivo, voce pode roubar outros veículos e adquirir as chaves.,,
STRS_inventar_lockpick_zuweit,Nenhum veiculo proximo o suficiente.,,,
STRS_inventar_lockpick_gesehen,%1 foi visto roubando um veiculo (chapa de matricula: %2)!,,,
//STRS_inventar_lockpick_gesehen,%1(%2) foi visto roubando um veiculo (chapa de matricula: %3)!,,,
STRS_inventar_lockpick_already,Voce ja possui este veiculo.,,,
STRS_inventar_lockpick_success,Voce tem este veiculo!,,,
STRS_inventar_lockpick_noluck,A chave micha quebrou.,,,
STRS_item_holz,Madeira,,,
STRS_item_eisenerz,Minerio de Ferro,,,
STRS_item_mineraloel,Oleo Mineral,,,
STRS_item_ebauteile,Componentes Eletronicos,,,
STRS_item_silizium,silicio,,,
STRS_item_kupfer,Cobre,,,
STRS_item_stahl,Aco,,,
STRS_item_schwarzpulver,Polvora Negra,,,
STRS_item_schwefel,Enxofre,,,
STRS_item_kohle,carvao,,,
STRS_item_silver,Prata,,,
STRS_item_gold,Ouro,,,
STRS_item_Diamond,Diamante,,,
STRS_item_erdoel,Petroleo,,,
STRS_item_glas,Vidro,,,
STRS_item_plastik,Plastico,,,
STRS_item_sand,Areia,,,
STRS_item_stahlwolle,La de Aco,,,
STRS_item_Marihuana_Plant,Usado para fazer drogas,,,
STRS_item_Bundle_of_Grapes,Usado para fazer o vinho,,,
STRS_item_oil,Usado para fazer barris de petroleo,,,
STRS_FoodContainer,importados de outros paises,,,
STRS_WeaponContainer,importados de outros paises,,,
STRS_MedicalContainer,importados de outros paises,,,
STRS_SupplyContainer,importados de outros paises,,,
STRM_verseuchte_zone,Zona contaminada,,,
STRS_item_farmitem_info,Este artigo pode ser usado a fim de criar outros itens em fabricas.,,,
STRS_item_gold_info,Isto pode ser usado para fazer tijolos de ouro,,,
STRS_addaction_gesetz,Alterar a Lei,,,
STRD_dialogandere_gesetze_header,Leis de mudanca (voce tem que escolher um slot na lista abaixo. Pode ser vazio.),,,
STRD_dialogandere_gesetze_submit,Mudança!,,,
STRS_gilde_gesetze_public,Lei #%1 foi alterada. Esta e a nova Lei: %2,,,
STRS_stunned_enabled,Voce foi atordoado. Entrada desativado por alguns segundos.,,,
STRS_stunned_disabled,Voce recuperou.,,,
STRS_stunned_iamtheone,Estou atordoado %1! ,,,
STRS_stunned_incap,Voce foi incapacitado.\nUse o menu Animation para reproduzir a animacao normal, a fim de se levantar novamente.,,
STRS_alreadygotshop,Voce ja possui este edificio.,,,
STRS_gotshop,"%1,Voce comprou este edificio para $%2.",,,
STRS_cop_inprison,Voce esta na prisao por matar amigo ou policiais atirando varias vezes em uma area restrita.,,,
STRS_cop_freeprison,Esta livre novamente.,,,
STRM_mission_marker_fac_weapon,Fabrica de arma,,,
STRM_mission_marker_fac_vehicle,Fabrica de veiculo,,,
STRM_mission_marker_fac_item,Fabrica geral,,,
STRM_mission_marker_fac_res,Fabrica de Recursos,,,
STRM_mission_marker_mine_erz,Mina de minerio de ferro,,,
STRM_mission_marker_mine_oel,poco de petroleo,,,
STRM_mission_marker_mine_kupfer,Mina de Cobre,,,
STRM_mission_marker_mine_holz,Madeira,,,
STRM_mission_marker_mine_sand,Areia,,,
STRM_mission_marker_mine_silizium,Mina silicio,,,
STRM_mission_marker_mine_schwefel,Mina de enxofre,,,
STRM_mission_marker_mine_kohle,Mina de Carvao,,,
STRS_functions_crimelog_msg1,Roubou o banco e roubou $%1.,,,
STRS_functions_crimelog_msg2,Roubou o dinheiro de outra civ.,,,
STRS_functions_crimelog_msg3,Matou um outro civ.,,,
STRS_functions_crimelog_msg4,Matou outro policial.,,,
STRS_functions_crimelog_msg5,Foi enviado para a prisao.,,,
STRS_functions_crimelog_msg6,Foi libertado da prisao.,,,
STRS_functions_crimelog_msg7,Escapou da prisao.,,,
STRS_functions_crimelog_msg8,Morreu.,,,
STRS_functions_crimelog_msg9,Pago um bilhete de %1.,,,
STRS_functions_crimelog_msg10,Usar Bomba.,,,
STRS_functions_crimelog_msg11,Tinha um escravo.,,,
STRS_functions_crimelog_msg13,Foi visto roubando %1,,,
STRS_functions_crimelog_msg14,Foi visto tentando roubar,,,
STRS_functions_crimelog_msg15,E um Assassino,,,
STRS_addaction_wahlen,Eleger um presidente,,,
STRS_addaction_chief,Eleger um Chefe,,,
STRS_chief_votedfor,Voce votou para %1 para ser Chefe de Policia. O resultado sera mostrado no final do atual governo.,,,
STRS_chief_nomajor,Atualmente nao ha chefe de policia eleito.,,,
STRS_chief_majorstays,O atual chefe de policia permanece.,,,
STRS_chief_new,%1 e agora o chefe de policia! Ele foi eleito com %2 votos.,,,
STRD_description_wahl_header,Eleicao,,,
STRD_description_wahl_submit,Eleger,,,
STRS_mayor_new,%1 e agora o novo Presidente! Ele venceu com %2 votos.,,,
STRS_regierung_votedfor,Voce votou para %1. O resultado sera mostrado no final do atual governo.,,,
STRS_regierung_nomajor,Atualmente nenhum presidente foi eleito.,,,
STRS_regierung_majorstays,O velho Presidente permanece.,,,
STRD_description_steuer_header,Alterar Impostos,,,
STRD_description_steuer_submit,Alterar os impostos!,,,
STRS_dialogandere_steuerdialog_itemsteuer,Imposto do item: %1 Percent,,,
STRS_dialogandere_steuerdialog_fahrzeugsteuer,Imposto do Carro: %1 Percent,,,
STRS_dialogandere_steuerdialog_magazinsteuer,Imposto porte arma: %1 Percent,,,
STRS_dialogandere_steuerdialog_waffesteuer,Imposto arma: %1 Percent,,,
STRS_dialogandere_steuerdialog_banksteuer,Imposto Transf. Banc.: %1 Percent,,,
STRS_addaction_steuern,Alterar impostos,,,
STRS_player_not_ingame,Erro: O jogador nao esta em jogo.,,,
STRS_maxmoney,Voce nao pode ter mais de $10000000 em seu inventario. Dinheiro foi removido.,,,
STRS_maxbank,Voce nao pode ter mais de $10000000 em sua conta. Dinheiro foi removido.,,,
STRS_not_copaction,Voce nao e um policial e nao pode usar essa acao.,,,
STRS_kein_moneh,sem caixa suficiente, quebrou ass.,,
STRS_check_inventarmoneh,Voce tem $%1.,,,
STRS_not_ingame,Jogador selecionado nao esta no jogo.,,,
STRS_wrong_input,Entrada errado. Voce nao tem permissao para usar esse personagem (%1).,,,
STRS_text_zu_lang,O texto que digitou e muito longo.,,,
STRS_no_selection,Nada selecionado.,,,
STRS_empty_string,,,,
STRS_ja,Sim,,,
STRS_nein,Nao,,,
STRS_keine,Nada,,,
STRS_keins,Nada,,,
STRS_were,Foram,,,
STRS_nowere,Nao foram,,,
STRS_no_valid_number,O valor nao e um numero valido.,,,
STRD_grafikeinstellungen_header,Configuracoes,,,
STRD_grafikeinstellungen_header_terrain,Detalhe Terreno,,,
STRD_grafikeinstellungen_header_viewdistance,View distance,,,
STRD_grafikeinstellungen_close,Fechar,,,
STRS_inv_kein_moneh,Nao ha dinheiro suficiente.,,,
STRS_inv_no_valid_number,O valor nao e um numero valido.,,,
STRS_inv_fac_buy,Compre esta fabrica ($%1),,,
STRS_inv_fac_mani,Fabricacao de um item,,,
STRS_inv_fac_storage,Armazenamento,,,
STRS_inv_fac_success,Item fabricado!,,,
STRS_inv_no_selection,Voce nao selecionou um item.,,,
STRS_inv_fac_cannot_mani_item,Voce nao pode fabricar este item.,,,
STRS_inv_fac_not_enough,Voce nao tem itens suficientes no armazenamento da fabrica.,,,
STRS_inv_facdialog_menge,%1 (%2x - %3 avaliado),,,
STRS_inv_description_factory_manifacture,Fabricar (%1x),,,
STRS_inv_fac_dia_herstellen,I T E N S - F A B R I C A D O S,,,
STRS_inv_fac_dia_lager,FUNDOS NECESSARIOS - ARMAZENAMENTO,,,
STRS_inv_actions_itemgather,ReUna item,,,
STRS_inv_actions_buy,Comprar %1 ($%2),,,
STRS_inv_buylicense_alreadytrue,Voce ja tem essa licenca.,,,
STRS_inv_buylicense_nomoney,Voce nao tem dinheiro suficiente para essa licenca.,,,
STRS_inv_buylicense_gottraining,Voce comprou um %2 para $%1.,,,
STRS_inv_buylicense_alreadyfalse,Voce nao tem essa licenca.,,,
STRS_inv_buylicense_losttraining,Voce perdeu a sua %1.,,,
STRS_inv_buyitems_get_zuschwer,Seu peso atingiu a capacidade maxima. Voce nao e capaz de transportar mais objetos.,,,
STRS_inv_buyitems_get_erhalten,Voce tem %1 %2.,,,
STRS_inv_buyitems_notallowed,Voce nao tem permissao para comprar este item.,,,
STRS_inv_cannotUseNow,Voce nao pode usar o inventario agora.,,,
STRS_inv_inventar_weggeworfen,Voce deixou cair o item.,,,
STRS_inv_inventar_drop_zuwenig,Voce nao tem mais objetos para soltar.,,,
STRS_inv_inventar_ablege_verbot,Voce nao tem permissao para deixar cair este objeto.,,,
STRS_inv_inventar_cannotuse,Voce nao pode usar este item.,,,
STRS_inv_inventar_gotfromotherplayer,Voce tem %1 %2 a partir de %3.,,,
STRS_inv_inventar_cannotdrop,Voce nao pode soltar objeto no momento.,,,
STRS_inv_inventardialog_empty,Seu inventario esta vazio.,,,
STRS_inv_inventardialog_amount,Valor: %1,,,
STRS_inv_storage_took,Voce pegou %1 do item.,,,
STRS_inv_storage_toomuch,Nao ha muitos itens no armazenamento.,,,
STRS_inv_storage_dropnotallowed,Nao e permitido soltar esse item em uma fabrica.,,,
STRS_inv_storage_dropunablesomuch,Voce nao e capaz de soltar muito.,,,
STRS_inv_storage_dropped,Voce soltou %1 do item.,,,
STRS_inv_storage_cannotdropsomuch,Voce nao pode soltar muito aqui.,,,
STRS_inv_storage_deleted,%1 unidades do item excluido.,,,
STRS_inv_storage_spam,Voce ainda esta levando / soltando os itens ...Aguarde alguns segundos.,,,
STRS_inv_alreadygotshop,Voce ja possui este edificio.,,,
STRS_inv_fabrik_dialogheader1,Pegar Itens,,,
STRS_inv_fabrik_dialogheader2,Guardar Itens,,,
STRS_inv_storagedialog_take,Pegar %1 Iten(s) (%2kg),,,
STRS_inv_storagedialog_drop,Soltar %1 Iten(s) (%2kg),,,
STRS_inv_shopdialog_money,Dinheiro: $%1,,,
STRS_inv_shopdialog_itemshop,Seu Dinheiro atual: $%1,,,
STRS_inv_buyitems_maxgewicht,Peso maximo alcancado. Voce nao pode carregar mais itens.,,,
STRS_inv_buyitems_keinmoneh,Voce nao tem dinheiro suficiente.,,,
STRS_inv_buyitems_gekauft,Voce comprou %1 %2 for $%3,,,
STRS_inv_buyvehicles_store_in_use,Esta loja esta ocupado no momento. Por favor, tente novamente mais tarde.,,
STRS_inv_buyvehicles_buy_car,Voce comprou um %1 para $%2. Por favor, aguarde 5 segundos ate que o veiculo fique pronto.,,
STRS_inv_buyvehicles_destroyed,Os veiculos foram destruidos.,,,
STRS_inv_buyvehicles_noowner,Voce nao e o proprietario deste veiculo.,,,
STRS_inv_buyitems_sell_notenough,Voce nao tem itens suficientes para vender.,,,
STRS_inv_buyitems_verkauft,Voce vendeu %1 %2 para $%3.,,,
STRS_inv_buyitems_sell_toofar,O veiculo esta muito longe.,,,
STRS_inv_buyitems_nolicense,Voce precisa de um %1 para comprar isso.,,,
STRS_inv_buyitems_nolicensecop,Voce precisa %1 para comprar isso.,,,
STRS_inv_shop_sold,Voce vendeu %1 %2 para $%3.,,,
STRS_inv_shop_vehiclesold,Voce vendeu o veiculo para $%1.,,,
STRD_inv_description_inventar_header,Inventario,,,
STRD_inv_description_factory_manifacture_header,Fabrica,,,
STRD_inv_description_close,Fechar,,,
STRD_inv_description_itemmenu_title,Comprar Iten,,,
STRD_inv_description_itemmenu_title2,Vender Iten,,,
STRD_inv_description_inventar_use,Use,,,
STRD_inv_description_buyitem_close,Fechar,,,
STRD_inv_description_inventar_drop,Soltar,,,
STRD_inv_description_inventar_schluessel_uebergabe,Dar para player,,,
STRD_inv_description_inventar_item,Iten:,,,
STRD_inv_description_inventar_amount,Quantidade:,,,
STRD_inv_description_inventar_addinfo,Informacao Adicional:,,,
STRD_inv_description_inventar_gewicht,Peso unico item/total:,,,
STRS_inv_not_ingame,Jogador selecionado nao esta no jogo.,,,
STRS_inv_inventar_uebergabe_self,Voce nao pode dar qualquer coisa para si mesmo.,,,
STRS_inv_inventar_uebergabe_distance,Voce tem que estar perto, pelo menos 20 metros do jogador selecionado.,,
STRS_inv_inventar_uebergabe_verbot,Voce nao deve dar este item a outros jogadores.,,,
STRS_inv_inventar_uebergabe_zuwenig,Voce nao tem o suficiente para dar de que muitos dos item.,,,
STRS_inv_inventar_uebergabe_success_self,Voce deu %1 %2 unidade de %3.,,,
STRS_inv_inventar_uebergabe_schluessel_success,Voce tem uma chave de outro jogador. A chave esta agora no seu chaveiro.,,,
STRS_inv_inventar_uebergabe_schluessel_success_self,Voce deu a chave para do veiculo selecionado (ele foi removido de seu chaveiro).,,,
STRS_item_moneh,Dinheiro,,,
STRS_item_moneh_info,"Comprar licencas, veiculos, armas, drogas e outros itens! Note que voce nao pode transportar mais de $999.999",,,
STRS_inventar_moneh,Voce nao pode usar dinheiro. Voce pode comprar algo com ele.,,,
STRS_inv_item_defuser,Desermador,,,
STRS_inv_item_defuser_info,Com este dispositivo, voce pode desarmar cargas explosivas e minas.,,
STRS_inv_items_defuser_success,Bomba Desarmada.,,,
STRS_inv_items_defuser_failed,Voce cometeu um erro ao desarmar a bomba e explodiu!,,,
STRS_inv_items_defuser_nobomb,Nenhuma bomba para desarmar.,,,
STRS_inv_item_OilBarrel,Cheio de oleo,,,
STRS_inv_item_lighter,Isqueiro,,,
STRS_inv_item_lighter_info,hmm eu me pergunto se eu posso utilizar para apagar um combustevel de carros em chamas...,,,
STRS_inv_item_repairkit,Kit Reparo,,,
STRS_inv_item_repairkit_info,Usa-lo dentro de um veiculo para reparar o veiculo. Voce tem que ser o driver,,,
STRS_inv_item_fuelcut,Cortador de combustivel,,,
STRS_inv_item_fuelcut_info,Use-o para esvaziar o combustivel de carros.,,,
STRS_inv_item_kanister,Galao,,,
STRS_inv_item_kanister_info,Um galao. Use-o em um carro para reabastecer-lo.,,,
STRS_inv_items_ignite_ignite,O combustivel esta pegando fogo! Sair rapidamente antes que ela exploda!,,,
STRS_inv_items_repair_refuel_wrongkit,Esse item nao e feito para usa-lo em veiculos de grande porte.,,,
STRS_inv_items_repair_refuel_notincar,Nao esta em um veiculo,,,
STRS_inv_items_ignite_ignite_notincar,Nao esta em um veiculo,,,
STRS_inv_items_repair_refuel_notdriver,Voce nao e o driver,,,
STRS_inv_items_repair_notneeded,O seu veiculo nao esta danificado,,,
STRS_inv_items_repair_repaired,Voce reparou esse veiculo,,,
STRS_inv_items_empty_notneeded,Combustivel do seu veiculo ja esta vazio,,,
STRS_inv_items_empty_refueled,Voce esvaziou a combustivel,,,
STRS_inv_items_refuel_notneeded,Combustivel do seu veiculo ja esta cheio,,,
STRS_inv_items_refuel_refueled,Voce reabasteceu seu veiculo,,,
STRS_inventar_repair_repaired,Voce reparou o veiculo.,,,
STRS_inv_items_repair_wrongvcl,Voce precisa de um kit de reparo grande para este veiculo.,,,
STRS_inv_item_medikit,Medikit,,,
STRS_inv_item_medikit_info,O Medikit restalra sua vida para 100%. Basta usa-lo.,,,
STRS_inv_items_medikit_nichtverletzt,Voce nao esta ferido.,,,
STRS_inv_items_medikit_benutzung,Aguarde cinco segundos ate que esteja curado.,,,
STRS_inv_items_medikit_fertig,Voce esta curado novamente.,,,
STRS_inv_item_schluesselbund,Chave Micha,,,
STRS_inv_item_schluesselb_info,Com esta Chave Micha voce pode abrir veiculos que voce possui. Usando esse objeto ira abrir tambem veiculo que voce nao possui, pode bloquear/desbloquear.,,
STRS_inv_items_vehiclelock_closer,Voce tem que estar mais perto de seu carro!,,,
STRS_inv_items_vehiclelock_locked,Veiculo Trancado,,,
STRS_inv_items_vehiclelock_unlocked,Veiculo Destrancado.,,,
STRS_inv_items_uebergabe_schluessel_success_self,Voce deu uma copia da chave do veiculo para jogador selecionado.,,,
STRS_inv_items_uebergabe_schluessel_success,Voce recebeu a chave de outro jogador. A chave esta agora no seu chaveiro.,,,
STRS_inv_items_weggeworfen,Voce deixou cair o item.,,,
STRS_inv_item_nitro,Nitro,,,
STRS_inv_item_nitro_info,Velocidade de ajuste para veiculos. Use este upgrage dentro de um veiculo para instalar o nitro. Pressione e segure Shift para usar o nitro.,,,
STRS_inv_item_supgrade_info,Utilize esta atualizacao em um veiculo para permanentemente aumentar a sua velocidade. Voce deve ser um engenheiro para instalar a atualizacao. Upgrades nao se acumulam.,,,
STRS_inv_items_speed_no,Voce nao pode ajustar esse carro!,,,
STRS_inv_items_speed_car,Voce nao esta dentro de um veiculo.,,,
STRS_inv_items_speed_tuned,Voce ajustou este carro! Use 'Speed' a acao no carro para acelerar.,,,
STRS_inv_items_speed_nodriver,Voce nao e o condutor do veiculo.,,,
STRS_inv_items_speed_notmoving,O veiculo nao esta se movendo.,,,
STRS_inv_items_speed_nocar,Voce nao esta em um veiculo!,,,
STRS_inv_items_speed_nitroenabled,Nitro Ligado,,,
STRS_inv_items_speed_action,Use Nitro,,,
STRS_inv_item_waffentascbe,Bolsa arma,,,
STRS_inv_item_waffentascbe_info,Com este item voce pode remover uma arma caida no chao. apos o uso.,,,
STRS_inv_items_weapondeleted,%1 armas excluidas a (5m Raio).,,,
STRS_inv_items_itemdeleted,%1 itens excluidos a (10m Raio).,,,
STRS_inv_items_weaponcargocleared,Carga arma limpo!,,,
STRS_inv_item_waffe,Arma,,,
STRS_inv_item_waffe_info,Uma Arma que voce porte. E em seu inventario. Para Empunhar.,,,
STRS_inv_item_waffe_noholster,Voce nao pode portar/Empunha a arma agora.,,,
STRS_inv_item_waffe_noweapon,Nenhuma arma para se esconder.,,,
STRS_inv_item_waffe_weaponHidden,Arma escondida no inventario. Voce pode Empunha-lo usando seu inventario.,,,
STRS_inv_item_waffe_weaponHiddenAlready,Arma escondida no Inventario,,,
STRS_inv_item_waffe_weaponTakenout,Voce tomou a arma para fora do inventario. Talvez voce tenha que mudar o modo de fogo para usa-lo.,,,
STRS_inv_items_ressources,Ressources nao pode ser usado. Voce tem que deposita-los em fabricas.,,,
STRS_inv_item_seil,Corda,,,
STRS_inv_item_seil_info,Este item so pode ser usado em helicopteros. Com este item e possivel fixar um veiculo para o helicoptero. Embora a fixacao,,,
STRS_inv_item_seil_notinheli,Voce nao esta em um helicoptero.,,,
STRS_inv_item_seil_notcloseenough,Voce nao esta perto o suficiente do veiculo.,,,
STRS_inv_item_seil_closetoground,Voce esta muito perto do chao.,,,
STRS_inv_item_seil_action_release,Veiculo de Lancamento.,,,
STRS_inv_item_seil_action_released,Veiculo liberado.,,,
STRS_inv_item_cocaine,Cocaina,,,
STRS_inv_item_marijuana,Marijuana,,,
STRS_inv_item_lsd,LSD,,,
STRS_inv_item_heroin,Heroina,,,
STRS_inv_item_alkohol_info,Beba e fique bebado simples assim :),,,
STRS_inv_item_beer,Cerveja,,,
STRS_inv_item_vodka,Vodka,,,
STRS_inv_item_smirnoff,smirnoff ICE,,,
STRS_inv_item_wiskey,wiskey,,,
STRS_inv_item_wine,Vinho,,,
STRS_addAction_drugdealerbust," ""Prenda o Traficante""",,,
STRS_drugdealer_busted_more_money,"Voce tem um salario adicional de $10,000, uma vez que alguns policial preso o traficante de drogas",,,
STRS_drugdealer_busted,O traficante foi preso!,,,
STRS_drugdealer_destroyedorbusted,The Drugdealer was either killed or busted!,,,
STRS_inv_item_drogen_info,As drogas podem ser vendidos em um dos sinalizadores ou pode ser usado pelo jogador. Para fazer isso,,,
STRS_inv_item_druguse_toomany,Voce nao pode usar muitas drogas ao mesmo tempo.,,,
STRS_inv_item_druguse_ende,Os efeitos das drogas diminuiram.,,,
STRS_inv_item_roadblock,Roadblock,,,
STRS_inv_item_roadblock_info,"A Roadblock. Para coloca-lo, pressione usar. Para remove-lo, va ate ele e selecione a acao correspondente.",,,
STRS_inv_item_bargate_info,"A Bar Gate. Para coloca-lo, pressione usar. Para remove-lo, va ate ele e selecione a acao correspondente. Tambem pode ser aberta e fechada atraves do menu de acao.",,,
STRS_inv_item_BigbagfenceCorner_info,"A Sandbag Wall (corner). Para coloca-lo, pressione usar. Para remove-lo, va ate ele e selecione a acao correspondente. Tambem pode ser aberta e fechada atraves do menu de acao.",,,
STRS_inv_item_bigbagfence_info,"A Sandbag Wall. Para coloca-lo, pressione usar. Para remove-lo, va ate ele e selecione a acao correspondente. Tambem pode ser aberta e fechada atraves do menu de acao.",,,
STRS_inv_item_bigbagfenceRound_info,"A Sandbag Wall (round). Para coloca-lo, pressione usar. Para remove-lo, va ate ele e selecione a acao correspondente. Tambem pode ser aberta e fechada atraves do menu de acao.",,,
STRS_inv_item_bunkersmall_info,"A Bunker. Para coloca-lo, pressione usar. Para remove-lo, va ate ele e selecione a acao correspondente. Tambem pode ser aberta e fechada atraves do menu de acao.",,,
STRS_inv_item_danger_info,"A Danger sign. Para coloca-lo, pressione usar. Para remove-lo, va ate ele e selecione a acao correspondente. Tambem pode ser aberta e fechada atraves do menu de acao.",,,
STRS_inv_item_roadcone_info," Road Cone. Para coloca-lo, va em seu inventario e pressione, para usar passar o mouse sobre ele.",,,
STRS_inv_item_factory_info,"Factory. Entre no inventario e pressione para coloca-lo, para pega-lo passar o mouse sobre ele.",,,
STRS_inv_item_officebuilding_info,"Office Building. Entrar em inventario e utilizacao de imprensa sobre o item, para busca-lo passar o mouse sobre o item.",,,
STRS_inv_item_barrack_info,"Barrack. Va em seu inventario e pressione sobre o item para coloca-lo, para pega-lo passar o mouse sobre o item.",,,
STRS_inv_item_smallhouse_info,"small house. Va em seu inventario e pressione utilizacao no item para coloca-lo, para pega-lo de volta ate pairar sobre ele.",,,
STRS_inv_item_sperre_nomoney,Voce nao pode pagar um Roadblock.,,,
STRS_inv_item_sperre_built,Voce construiu um Roadblock,,,
STRS_inv_item_sperre_moved,Por favor, aguarde alguns segundos para que o obstaculo seja movido.,,
STRS_inv_item_sperre_invcl,Voce nao pode colocar um Roadblock dentro de um veiculo.,,,
STRS_inv_item_sperre_hiernicht,Voce nao pode colocar esse objto nesse local.,,,
STRS_inv_item_handy,Telefone celular,,,
STRS_inv_item_handy_info,Usando um telefone celular voce pode enviar os outros jogadores mensagens privadas.,,,
STRS_inv_item_handy_keinmoneh,Voce nao pode pagar um SMS.,,,
STRS_inv_item_handy_gesendet,Voce enviou um SMS para %1.,,,
STRS_inv_item_handy_nachricht,%2 enviou-lhe um SMS: %1,,,
STRS_inv_item_handy_nichterreicht,%1 nao tem um telefone celular. Sua mensagem nao foi alcanda.,,,
STRS_inv_item_handy_leermsg,Voce nao pode envia uma mensagem vazia.,,,
STRS_inv_item_handy_noplayer,O jogador selecionado nao esta no jogo.,,,
STRS_inv_item_handy_text_zu_lang,O texto e muito longo.,,,
STRS_inv_item_Weapons,Recipiente cheio de armas orientais,,,
STRS_inv_item_vclammo,Municao de veiculo,,,
STRS_inv_item_vclammo_info,Municao para armas ligadas ao veiculo. Use essa caixa dentro de veiculos a reabastecer a municao do veiculo.,,,
STRS_inv_item_vclammo_nomg,Este veiculo nao tem uma arma para ser rearmada.,,,
STRS_inv_item_vclammo_rearmed,Voce esta rearmando este veicolo.,,,
STRS_inv_item_vclammo_novehicle,Voce nao esta em um veiculo.,,,
STRS_inv_item_objs,Objetos,,,
STRS_inv_item_objs_info,Use este item, a fim de gerar-lo.,,
STRS_inv_item_obj_take,Remover objeto,,,
STRS_inv_item_obj_packed,Voce pego esse objeto.,,,
STRS_inv_item_obj_invcl,Voce nao pode coloca este objeto ao estar em um veiculo.,,,
STRS_inv_item_obj_hiernicht,Voce nao podera coloca esse objeto aqui.,,,
STRS_inv_item_obj_bauen,O objetos aparecera em poucos segundos,,,
STRS_inv_item_obj_toomany,Voce ja coloco muitos objetos.,,,
STRS_inv_item_obj_cantpack,Voce nao pode remover isso! verifique seu peso,,,
STRS_inv_item_fernbombe,Controle remoto carro bomba,,,
STRS_inv_item_fernbombe_info,O carro-bomba. Ele explode quando voce usar o controle remoto.\n\nTo Entre no carro para plantar a bomba,,,
STRS_inv_item_zeitbombe,Carro-bomba com temporizador,,,
STRS_inv_item_zeitbombe_info,O carro-bomba. explode quando o cronômetro chega a 0.\n\nTo platar a bomba,,,
STRS_inv_item_enginebombe,Ignition Carbomb,,,
STRS_inv_item_enginebombe_info,"Um carro-bomba. Ela explode se o carro esta bomba esta ligado liga o motor.\n\nTo plantar a bomba, entrar no carro, abrir o inventario, escolher a bomba e pressione >use<. A bomba agora esta ativada! Outros jogadores no carro serao notados quando você coloca uma bomba. Para desativar a bomba, basta usar a entrada de seu menu de acao, voce tera a bomba de volta em seu inventario.",,,
STRS_inv_item_fernzuender,Bomb remote control,,,
STRS_inv_item_zuender_info,Use-o para explodir a bomba conectadacom este controle de mao. Solte-o para desativar a bomba.,,,
STRS_inv_item_speedbombe,Car-Bomb with Speed activation,,,
STRS_inv_item_speedbombe_info,"Um carro-bomba. Ele e ativado quando o jogador dirige mais rapido que a velocidade que voce selecionou, e vai explodir quando ele dirige mais lentor.\n\nTo plantar a bomba, entrar no carro, abrir o inventario, escolher a bomba e presionar >use<. No dialogo seguinte, você pode configurar a bomba! Outro jogador no carro serao notados quando você coloca uma bomba. Para desativar a bomba, basta usar a entrada de seu menu, voce vai ter a bomba de volta em seu inventario.",,,
STRS_inv_item_vehiclebomb_action_deactivate,Desativa bomba,,,
STRS_inv_item_vehiclebomb_action_changetimer,Alterar temporizador,,,
STRS_inv_item_vehiclebomb_timebombconfig_sec,%1 sec,,,
STRS_inv_item_vehiclebomb_speedbombconfig_kmh,%1 Kph,,,
STRS_inv_item_vehiclebomb_notinvehicle,Voce tem que esta em um veiculo para usar o carro bomba,,,
STRS_inv_item_vehiclebomb_legen_gesehen,Cuidado voce Viu %1 Voce viu um carro bomba,,,
STRS_inv_item_vehiclebomb_notexist,A bomba nao existe.,,,
STRS_inv_item_vehiclebomb_changed,Tempo Restante definido para %1 segundos.,,,
STRS_inv_item_vehiclebomb_defused,Bomba desarmada.,,,
STRS_inv_item_vehiclebomb_changetimer,alterar Temporizador,,,
STRS_inv_item_vehiclebomb_sec,%1 segundos,,,
STRS_inv_item_vehiclebomb_deactivated,Bomba desativada!,,,
STRS_inv_item_vehiclebomb_speedbomb_activated,Atencao,,,
STRS_inv_item_vehiclebomb_planted,Voce planto uma bomba (ID: %1).,,,
STRS_inv_item_Bottled_water,agua,,,
STRS_inv_item_drink_info,Em seu status voce pode ver como você esta com sede,,,
STRS_inv_item_Bread,pao,,,
STRS_inv_item_fisch,Peixe,,,
STRS_inv_item_sand,areia,,,
STRS_inv_item_sand_info,areia,,,
STRS_inv_item_getreide,trigo,,,
STRS_inv_item_nahrung_info,Em suas estatisticas, podera ver como voce esta com fome. Com isso, voce pode satisfaze-lo de fome. Basta escolher o quanto você quer para comer e pressione > uso <. Se você chegar a uma fome de 100, você vai morrer!
STRS_inv_item_nahrung_gegessen,Você comeu alguma coisa %1/100 alimentado.,,,
STRS_inv_item_nahrung_verhungern,Voce esta morrendo de fome.,,,
STRS_inv_item_drink_verthirstn,Voce esta desidratado.,,,
STRS_inv_item_drink_gegessen,Voce bebeu alguma coisa voce esta agora  %1/100 com sede.,,,
STRS_inv_item_selbstmordbombe,Homem Bomba,,,
STRS_inv_item_selbstmordbombe_info,Quando voce estive usando este item,,,
STRS_inv_item_selbstmordbombe_globalmsg,Allah Hu Akbar infidels,,,
STRS_bank_rob_titlemsg,$$$$WARNING$$$$ Alguem esta roubando o Banco $$$$WARNING$$$$,,,
STRS_bank_rob_lostnomoney,Por causa do seguro de banco voce nao perdeu dinheiro mais nao tem mais seguro de banco.,,,
STRS_bank_rob_somemoneylost,O banco foi assaltado. voce perdeu $%1 e tem $%2 tiro de sua conta.,,,
STRS_bank_rob_allmoneylost,O banco foi assaltado. Voce perdeu dinheiro em sua conta!,,,
STRS_bank_rob_success,Voce roubou o banco com sucesso. Fuja antes que os policiais peguem voce!,,,
STRS_bank_rob_nosuccess,Voce escapou muito cedo e nao conseguir o dinheiro!,,,
STRS_bank_rob_info,Voce decidiu roubar o banco. Fique aqui ate que você recebe o dinheiro e depois comecar o inferno fora daqui!,,,
STRS_bank_rob_noweapon,Voce nao pode rouba o banco sem arma.,,,
STRS_bank_rob_no,Voce nao pode roubar o banco no momento.,,,
STRS_bank_dialog_inventarmoneh,Dinheiro em seu invetario: $%1,,,
STRS_bank_dialoge_accountmoneh,Dinheiro em sua conta: $%1,,,
STRS_bank_dialoge_tax,Incl. Taxas:,,,
STRS_bank_dialoge_robbsperre,Voce roubou o banco ha poucos minutos. Voce nao pode usa-lo para %1 minutos depois que voce roubo,,,
STRS_bank_no_money,Voce nao tem dinheiro na conta.,,,
STRS_bank_deposit_other_no,Voce nao tem dinheiro suficiente na conta.,,,
STRS_bank_deposit_self_no,Voce nao tem dinheiro suficiente em sua conta para transferir $%1 sobre a conta desejada.,,,
STRS_bank_deposit_other_no2,Voce nao tem dinheiro suficiente na sua conta para tranferir $%1 sobre a Conta desejada. Lembre-se que você precisará de bastante dinheiro em sua conta para o imposto adicional de %2 por cento.,,,
STRS_bank_account_getmoney,Voce tem $%1 de %2 na sua conta.,,,
STRS_bank_deposit_yes,$%1 transferidos para a conta desejada. Por favor, note que você teve que pagar %2 impostos de transferencia. Entao voce paga $%3.,,
STRS_bank_deposit_self_yes,$%1 transferido para sua conta bancaria.,,,
STRS_bank_withdraw_yes,$%1 retirada com sucesso.,,,
STRS_bank_zinsen,"Voce tem %2 por cento dinheiro extra a partir do banco, você tem agora $%1 em sua conta bancaria.",,,
STRS_bank_no_valid_number,O valor nao um numero valido.,,,
STRS_bank_player_not_ingame,Erro: O jogador nao esta em jogo.,,,
STRS_bank_hints_account_balance,Voce tem  %1$ na sua conta.,,,
STRS_bank_addaction_robb,Rouba o banco,,,
STRS_bank_addaction_dialog,menu do banco,,,
STRS_bank_addaction_balance,Saldo da conta,,,
STRD_bank_description_title,Banco,,,
STRD_bank_description_deposit_transfer,Deposit/Transfer,,,
STRD_bank_description_selectplayer,Selecione o Jogador:,,,
STRD_bank_description_steuern,Incl. Taxes:,,,
STRD_bank_description_bank_withdraw,Retirar,,,
STRD_bank_description_submit,Submite,,,
STRD_bank_description_cancel,Cancela,,,
STRD_bank_description_withdraw,Withdraw,,,
STRS_gasstation_bereits_getankt,O combustivel do veiculo ja esta em 100%.,,,
STRS_gasstation_tanken_vclleft,Nao saia do carro enquanto abastece.,,,
STRS_gasstation_tanken_vclmoved,Voce cancelo a acao nao mova o veiculo.,,,
STRS_gasstation_tanken_money,Voce nao tem dinehiro suficiente para completar o tanque do veiculo.,,,
STRS_gasstation_tanken_finished,Estado do combustivel do veiculo 100% Novamente!,,,
STRS_gasstation_tanken_zwischenmsg,Estado do combustivel: %1 of 100. \n Voce abasteceu 10 litros no seu carro,,,
STRS_addaction_buy_gas,Abastecer $%1 por 10 litros,,,
STRS_invest_action,Investir em negocios,,,
STRS_invest_nomoney,Voce nao tem dinheiro suficiente.,,,
STRS_invest_wait,Aguarde 15 minutos ate seus nogocios crescer e poder negorcia ou vender,,,
STRS_invest_lost,"Sorry, no luck this time.",,,
STRS_invest_winner,"parabens, voce ganho $%1!",,,
STRD_ivnest_title,investir,,,
STRD_invest_buyticket,Investir em negocios ,,,
STRD_invest_cancel,Cancela,,,
STRS_lotto_action,Jogar Lotto,,,
STRS_lotto_lost,Desculpe, seu bilhete nao foi sortiado dessa vez.,,
STRS_lotto_winner,Parabens,,,
STRS_lotto_nomoney,Voce nao tem dinheiro suficiente.,,,
STRS_lotto_wait,Voce sera notificado do resultado da loteria em  30 minutos.,,,
STRD_lotto_title,Lotto,,,
STRD_lotto_buyticket,Comprar bilhete,,,
STRD_lotto_cancel,Cancela,,,
STRS_workplacemission_weapon_alreadyhave,Voce ja tem um trabalho de entregar armas. obter armas %1,,,
STRS_workplacemission_weapon_startjob,Pegar arma %1,,,
STRS_workplacemission_weapon_donthave,Voce nao tem um trabalho de entregar armas,,,
STRS_workplacemission_weapon_finish,Voce entrego a arma %1 e voce tem $%2.,,,
STRS_workplacemission_weapon_cannotfinish,Voce nao tem a arma nescessaria (%1).Volte quando tiver.,,,
STRS_workplacemission_weapon_zeitsperre,"Voce tem que esperar pelo menos %1 minutos desde o seu ultimo trabalho para obter um novo. ""Voce deve ter pelo menos %1 Minuten warten bis du einen neuen annehmen kannst""",,,
STRS_workplacemission_addaction_searchjob,Procurar trabalho,,,
STRS_workplacemission_addaction_searchjob_cancel,Cancela pesquisa de por trabalho,,,
STRS_workplacemission_delivery_finish,Voce termino uma missao de entrega em $%1!,,,
STRS_workplacemission_deliverymsg_1,Aqui tem uma caixa com algumas armas leve para nosso cliente em %1.,,,
STRS_workplacemission_deliverymsg_2,A Client  at %1 needs this package.,,,
STRS_workplacemission_deliverymsg_3,Leve esse pen drives para nosso cliente em %1.,,,
STRS_workplacemission_deliverymsg_4,Um de nossos clientes em %1 quer esse pacote.,,,
STRS_workplacemission_deliverymsg_5,"Aqui estao algumas revistas da playboy, entrega-las a um de nossos clientes em %1.",,,
STRS_workplacemission_deliverymsg_6,Aqui estao alguns jogos de super nintendo para nosso cliente em %1.,,,
STRS_workplacemission_deliverymsg_7,Nosso cliente em %1 solicitou alguns caixa externa. entrega-los.,,,
STRS_workplacemission_deliverymsg_8,Pegue este pacote e entregá-lo ao nosso cliente em %1.,,,
STRS_workplacemission_deliverymsg_9,Existem alguns documentos secretos nesta mala. leva-los para o nosso cliente em %1.,,,
STRS_workplacemission_deliverymsg_10,Este pacote é para um cliente no %1. entregue-o a ele.,,,
STRS_workplacemission_searchjob_targetreached,Voce encontrou o objeto que voce tinha que encontrar. Aproxime-se dela para terminar o trabalho.,,,
STRS_workplacemission_search_finish,Você encontrou o alvo e tem $%1!,,,
STRS_workplacemission_searchmsg_1,Um carro foi abandonado na floresta. Encontra-lo.,,,
STRS_workplacemission_searchmsg_2,A blackhawk caiu na floresta. Encontra-lo.,,,
STRS_workplacemission_searchmsg_3,A Ural foi abandonado na floresta. Encontra-lo.,,,
STRS_workplacemission_delivery_finishaction,Missao de entrega finalizada!,,,
STRS_workplacemission_search_finishaction,Encontre esse objeto!,,,
STRS_addaction_weaponjob_anfang,Pega entra de arma ,,,
STRS_workplacemission_weaponjob_ende,comcluida a entra da arma ,,,
STRS_workplacemission_already,Voce ja tem um local de trabalho.,,,
STRS_workplacemission_plane_nospace,Nao tem mais vagas no carro.,,,
STRS_workplacemission_taxi_action,Missoes de taxi,,,
STRS_workplacemission_taxi_cancelaction,missao comcluida,,,
STRS_workplacemission_taxi_alreadyinuse,"Voce ja esta fazendo uma missao de taxi %1 minutes, so you can not do another mission now. ",,,
STRS_workplacemission_taxi_marker_kunde,O passageiro espera aqui,,,
STRS_workplacemission_taxi_marker_ziel,Seu passageiro esta com pressa,,,
STRS_workplacemission_taxi_begin,A Passenger waits for you. You can see his/her position on the map. Drive around 20 metres near him/her and he/she will board your vehicle automatically.,,,
STRS_workplacemission_taxi_wannagetin,O seu passageiro quer entrar em seu veiculo. Fique aqui e espere ate que ele tenha entrado.,,,
STRS_workplacemission_taxi_target,Bring him to the position marked on the map!,,,
STRS_workplacemission_taxi_success,Voce chego no destino do seu passageiro. For this mission you got $%1. You get a new taxi mission within a few seconds.,,,
STRS_workplacemission_taxi_failure,Voce ou seu passageiro morreram fim de missao.,,,
STRS_workplacemission_taxi_canceled,Voce termino a missao taxi.,,,
STRS_workplacemission_taxi_nospace,Nao ah mais vaga no veiculo.,,,
STRS_rennen_kein_vehicle,Voce tem que ser o condutor do veiculo.,,,
STRS_rennen_already_racemember,Voce ja entro na corrida.,,,
STRS_rennen_kein_fahrer,Voce tem que ser o condutor do veiculo.,,,
STRS_rennen_falsches_vcl,Voce nao tem permissao para entrar na corrida com este carro!,,,
STRS_rennen_hat_angefangen,A Corrida inicio.,,,
STRS_rennen_no_racemoney,Voce nao tem permisao para isso.,,,
STRS_rennen_joinedrace,Voce entrou na corrida.,,,
STRS_rennen_tot,Voce esta morto e deixou a corrida.,,,
STRS_rennen_vcltot,Seu veiculo foi destruído e voce esta fora da corrida.,,,
STRS_rennen_zuende,A corrida terminou.,,,
STRS_rennen_pub_start1,A corrida de rua vai começar em 60 segundos.,,,
STRS_rennen_pub_start2,A corrida inicio. %1 jogadores estão lutando para $%2.,,,
STRS_rennen_pub_ausgeschlossen,Voce estava muito longe da posicao inicial da corrida. e Pode ter sido removido da corrida.,,,
STRS_rennen_pub_record,Tempo vencedores: %1!!!,,,
STRS_rennen_pub_gewinnermeldung,A corrida de rua terminou. O vencedor é is %1 who drove the whole Race in %2 seconds! %3,,,
STRS_rennen_pub_gewinner,Voce venceu a corrida de rua e tem $%1,,,
STRS_rennen_pub_abort,A corrida foi cancelada.,,,
STRS_Drugs_Plant_Marijuana,Voce plantou um pouco de maconha.,,,
STRS_action_Drugs_MarijuanaBurn,queime Maconha,,,
STRS_Drugs_Marijuana_NearlyReady,150 segundos ate maconha estar pronta.,,,
STRS_action_Drugs_MarijuanaHarvest,Colher maconha.,,,
STRS_Drugs_Marijuana_Ready,Planta de maconha pronto para a colheita!,,,
,,,,
STRS_mainmenu_MissionTutorial,"In this small Tutorial we will explain the basic aspects of the mission. For more information visit Zargabad Life topic on the BI forums or have a look at the briefing.\n\n
	- Money, Items and the Inventory:\n
	Money is one of the important things in Zargabad Life. While cops receive their normal paychecks after some time, civs have to work for their money. 
	Legal ways to earn money are staying in one of the workplaces, buy some workers
	Illegal ways to earn money are robbing the bank, dealing with drugs or robbing other players. More information about ways to earn money can be found in the briefing. 
	Money and all the other items will be stored in your own inventory. You can open it by using the corespondending entry in your action menu. Items can be used, deleted or given to other players. Information about the items can be seen in the inventory.
	All shops where you can buy and sell items are marked on the map (Items are Vehicles, Weapons and other Objects such as repair kits...). Keep in mind that you have to buy a license for weapons and some other items before you are able to buy them. 
	When you die you lose you whole inventory. In order to save your money and items you can store them in your bank account, at your hideout or other storages. 
	If you lose your connection your account is saved on the server so you keep your money after a reconnect. Licenses are also saved. ,
	Note that all saved information is lost when the server restarts or changes the map.\n\n,
	- A word on weapons and vehicles:\n,
	You should always holster your weapons by using the animation menu which can be found in your action menu. By carrying unholstered weapons cops will see you as a threat and attack you. ,
	Using a vehicle you should always make sure that you are driving on the right side of the road and watch out for police checkpoints. Note that you vehicle can be locked using the action entry or the keychain in you inventory. \n\n,
	- Getting started:\n,
	As a cop you should always communicate with the other people. Warn before you shoot and try to stun instead of kill civilians. The first thing you should do is to get a stun gun, other weapons and a vehicle. 
	As a civ you are very low on money. You should buy a drivers license and a small vehicle in order to drive to a work place and do some jobs or stay there for a while. When having enough money you can buy workplaces, shops or other things to get some income.",,,
,,,,
STRS_mainmenu_AboutThisMission,About this mission:\n,,,
"	The original scripts are from saharni life handed down from Pogomon. The port was done by EddieV", Additional scripting after the original port done by Gman and S.W.A.T.,,,
,,,,
STRS_mainmenu_FAQ,Frequently Asked Questions:\n,,,
"	Where can I find information on Takistan? Go to http://www.jaiclan.co.cc",,,,
,,,,
STRD_mainmenu_description_close,Close,,,
STRD_cam_description_header,Free cam,,,
STRD_cam_description_100north,100m North,,,
STRD_cam_description_100south,100m South,,,
STRD_cam_description_100west,100m West,,,
STRD_cam_description_100east,100m East,,,
STRD_cam_description_halt,Stop,,,
STRD_cam_description_zoomin,Zoom in,,,
STRD_cam_description_zoomout,Zoom out,,,
STRD_cam_description_resetbright,Brilho automatico,,,
STRD_cam_description_nvgon,NV Ligado,,,
STRD_cam_description_nvgoff,NV Desligado,,,
STRS_item_gasmask_info,Enquanto a mascara de gas esta em seu inventario você esta seguro de gas lacrimogeneo.,,,
STRS_item_gasmask,Mascara de gas,,,
STRS_object_shop,Drop items into this shop and other players will be able to buy them. Note if you abort the game,,,
STRS_need_pistol_license,You need a pistol license first!,,,
STRS_not_enough_money_riflelicense,You do not have enough money.,,,
STRS_recieved_rifle_license,You got a rifle license,,,
STRS_veh_pistol,Holster pistol,,,
